Freq (GHz),Real (V),Imag (V)
7.9183,-0.0677069698176,-0.0227023020265
7.9183125,-0.0677489833105,-0.0224671330491
7.918325,-0.0680036383961,-0.021929294507
7.9183375,-0.068263581311,-0.0216366043346
7.91835,-0.0682958864468,-0.0211918877939
7.9183625,-0.0684046395681,-0.0208150679205
7.918375,-0.0684778306189,-0.0204473297122
7.9183875,-0.068598339212,-0.0200695845549
7.9184,-0.0687410958033,-0.0197643614485
7.9184125,-0.0689070571004,-0.0193321453376
7.918425,-0.0689877116617,-0.0188401892495
7.9184375,-0.0689592689477,-0.0184653334418
7.91845,-0.0691487657971,-0.0179816327638
7.9184625,-0.0692082605743,-0.0177198164188
7.918475,-0.0693960211699,-0.0174684978025
7.9184875,-0.0692624177803,-0.0170428222353
7.9185,-0.069564497546,-0.0166031032794
7.9185125,-0.0695358555979,-0.0162244726814
7.918525,-0.0698160624552,-0.0157567087144
7.9185375,-0.0697548669821,-0.0154583732156
7.91855,-0.0696984737312,-0.0151366682325
7.9185625,-0.069941335148,-0.0147100609271
7.918575,-0.0700554287009,-0.0142663908936
7.9185875,-0.0701040666504,-0.0139077690317
7.9186,-0.0701207210064,-0.0134162591268
7.9186125,-0.0702084718032,-0.0130372903109
7.918625,-0.0703179847231,-0.0126964622568
7.9186375,-0.070376977324,-0.0122077295806
7.91865,-0.0704457400761,-0.0117764418474
7.9186625,-0.0705500622223,-0.0115574929513
7.918675,-0.0706596905527,-0.0110308371046
7.9186875,-0.0706672756796,-0.0106499301279
7.9187,-0.0707262683398,-0.0103146148648
7.9187125,-0.0707565747184,-0.00984794486905
7.918725,-0.0707998755003,-0.00956340476896
7.9187375,-0.0709559266228,-0.00918731807391
7.91875,-0.0708240149112,-0.0086775843395
7.9187625,-0.0709144060312,-0.00830575247568
7.918775,-0.0708939381186,-0.00798477678925
7.9187875,-0.0710133537731,-0.0075770109931
7.9188,-0.0710742439528,-0.00708333708265
7.9188125,-0.0712266997862,-0.00676356298278
7.918825,-0.0711832244539,-0.00630879063914
7.9188375,-0.0712930957712,-0.00594693889216
7.91885,-0.0712163449908,-0.00554796875953
7.9188625,-0.0712056271209,-0.00513122456475
7.918875,-0.0712318894532,-0.00475840407827
7.9188875,-0.0711645790814,-0.00433887975188
7.9189,-0.0711986128044,-0.00379847424604
7.9189125,-0.0712659955055,-0.00346229947238
7.918925,-0.0714044975889,-0.00314322023907
7.9189375,-0.0714184471435,-0.00262205453718
7.91895,-0.0712987519804,-0.00230114357579
7.9189625,-0.0712758279887,-0.00194361487137
7.918975,-0.0713918075185,-0.00151276649234
7.9189875,-0.0714211622533,-0.00120215942356
7.919,-0.0714784429163,-0.000760928227402
7.9190125,-0.0714965410816,-0.000357984873756
7.919025,-0.0714099829453,6.70512101883e-05
7.9190375,-0.0715056392934,0.000480953483641
7.91905,-0.0713914729413,0.000899456659241
7.9190625,-0.0714217725635,0.00133119299809
7.919075,-0.0714736410208,0.0016349207303
7.9190875,-0.0713226577311,0.00228405252272
7.9191,-0.0712330862002,0.00244787450881
7.9191125,-0.0714193235417,0.00298843294242
7.919125,-0.0713360386401,0.00321802710647
7.9191375,-0.0712399273604,0.00375792469862
7.91915,-0.0712096870283,0.00400257771994
7.9191625,-0.0711778078359,0.00445340882801
7.919175,-0.0713283682833,0.0049728172135
7.9191875,-0.0711017820785,0.00524444890265
7.9192,-0.0711451920504,0.0057732140765
7.9192125,-0.0710147690167,0.00614015819152
7.919225,-0.0711288332309,0.00654291124321
7.9192375,-0.071072252764,0.00690639395799
7.91925,-0.0708906453941,0.00748274692353
7.9192625,-0.0709852062523,0.00773391596007
7.919275,-0.0709265021325,0.00822321870311
7.9192875,-0.0707680526207,0.00852784661413
7.9193,-0.0708460693164,0.00903234369807
7.9193125,-0.0707540788656,0.00928677565044
7.919325,-0.0707512755996,0.00972928585438
7.9193375,-0.0706724084538,0.0101466511675
7.91935,-0.0704844020737,0.0105769500651
7.9193625,-0.0705974070426,0.0108230648461
7.919375,-0.0705461424236,0.0113027591336
7.9193875,-0.0704699391191,0.0117347641253
7.9194,-0.0702764842235,0.0120511556387
7.9194125,-0.0701935467672,0.0124755248055
7.919425,-0.0701321395166,0.0129245180213
7.9194375,-0.0701702559945,0.0133424936768
7.91945,-0.0701987921303,0.0136541039175
7.9194625,-0.0699758772926,0.0139769151315
7.919475,-0.0698633538459,0.0144635929268
7.9194875,-0.0698427932746,0.0147775901389
7.9195,-0.0697417660402,0.0152146969375
7.9195125,-0.069646684547,0.0156653559809
7.919525,-0.0694672554199,0.0161500117727
7.9195375,-0.0694569542168,0.0163930173293
7.91955,-0.0693875545568,0.0167372506247
7.9195625,-0.0693710265765,0.0172536835564
7.919575,-0.0692033913548,0.0176475676374
7.9195875,-0.0690359833141,0.0179080221391
7.9196,-0.0689606879708,0.0183918576336
7.9196125,-0.0689403217857,0.01869441616
7.919625,-0.0687475095084,0.0190477360246
7.9196375,-0.0685757353822,0.0195066686733
7.91965,-0.0685733188995,0.020008591713
7.9196625,-0.068433982424,0.0201406091963
7.919675,-0.068409995322,0.0206440154808
7.9196875,-0.0681525130386,0.0211157821373
7.9197,-0.0679732926044,0.0213425965862
7.9197125,-0.0679193378119,0.0218353994182
7.919725,-0.0678387950284,0.0222941015783
7.9197375,-0.0675733616062,0.0225566430325
7.91975,-0.0675925140677,0.0229671823563
7.9197625,-0.0674151268164,0.0234194494498
7.919775,-0.0671382262061,0.02372124126
7.9197875,-0.0670536174438,0.02415371682
7.9198,-0.0670254884994,0.024548956814
7.9198125,-0.0668533872254,0.0248372976646
7.919825,-0.0667164795049,0.025200205995
7.9198375,-0.066765600497,0.025629709821
7.91985,-0.0664215265852,0.0259067145802
7.9198625,-0.0663319483136,0.0263016256856
7.919875,-0.0659619545592,0.0267399662708
7.9198875,-0.0659243090294,0.0272043073189
7.9199,-0.0658627913989,0.0275527276077
7.9199125,-0.0657124381909,0.0278388196928
7.919925,-0.0655702189969,0.0282400836445
7.9199375,-0.0652866939049,0.0285231429413
7.91995,-0.0650603078511,0.0288568197597
7.9199625,-0.0649983159854,0.0292595156512
7.919975,-0.0648400607386,0.0296317648542
7.9199875,-0.0647135279772,0.0301105879238
7.92,-0.0646235443656,0.0302720483322
7.9200125,-0.0643664994857,0.0306752489818
7.920025,-0.0642328569096,0.0310936517269
7.9200375,-0.0640301700451,0.03151470977
7.92005,-0.0638015286945,0.0317984264681
7.9200625,-0.0636331333841,0.03205317424
7.920075,-0.0634445762002,0.032562724021
7.9200875,-0.0633376939969,0.0328566337807
7.9201,-0.0630541592718,0.0332820622503
7.9201125,-0.0630942305266,0.0335862078693
7.920125,-0.0627561923124,0.0338528027879
7.9201375,-0.0625094941665,0.0343419683878
7.92015,-0.0622658135158,0.0346356898092
7.9201625,-0.0621684862188,0.0349414572938
7.920175,-0.0619079597854,0.0353042727972
7.9201875,-0.0617317521755,0.0357706134014
7.9202,-0.0615549972083,0.036046369832
7.9202125,-0.0613244019984,0.0363916710413
7.920225,-0.0610406158095,0.0367515924947
7.9202375,-0.0608342068399,0.0370539300774
7.92025,-0.0607493200334,0.0374083937151
7.9202625,-0.0605309240384,0.0377669578592
7.920275,-0.0602259135291,0.0380996997124
7.9202875,-0.0598503947502,0.038528481602
7.9203,-0.059799539929,0.0387570768094
7.9203125,-0.0595951376469,0.0391070046126
7.920325,-0.0593907877876,0.0394692009364
7.9203375,-0.0591219423355,0.0397836156776
7.92035,-0.0590521110207,0.0399695964999
7.9203625,-0.0586894551635,0.0402611183647
7.920375,-0.0584892730187,0.0407595168018
7.9203875,-0.0582789928475,0.0412203616397
7.9204,-0.0580881263868,0.0412980328844
7.9204125,-0.0577212805646,0.0417328418526
7.920425,-0.0575188345593,0.042170554985
7.9204375,-0.0573702375166,0.0424054637177
7.92045,-0.0571309087685,0.0426393825827
7.9204625,-0.056948525028,0.0430211472161
7.920475,-0.0567153801809,0.0433673694915
7.9204875,-0.0563271326149,0.0436562244487
7.9205,-0.0561267678284,0.0438705930667
7.9205125,-0.0558633184676,0.0443566144803
7.920525,-0.0556205844399,0.0445834036016
7.9205375,-0.0553571880049,0.0450890155913
7.92055,-0.0551427574019,0.0451037889877
7.9205625,-0.0548140792855,0.0454582412801
7.920575,-0.0546197354764,0.0459439679158
7.9205875,-0.0541906193758,0.0461760391524
7.9206,-0.0540074528929,0.0465047410409
7.9206125,-0.0538599060606,0.0468433212454
7.920625,-0.0534952018028,0.0470003449548
7.9206375,-0.0532583741626,0.0473401769354
7.92065,-0.0529673585158,0.0476110130955
7.9206625,-0.0527298744942,0.0479210008332
7.920675,-0.0524370044995,0.0483306024842
7.9206875,-0.0522320470752,0.048639868266
7.9207,-0.0518698824469,0.0487876903766
7.9207125,-0.0516755822927,0.0492046119585
7.920725,-0.0513562318446,0.049399930051
7.9207375,-0.0510935420884,0.0497544549627
7.92075,-0.0507125218526,0.0499676847625
7.9207625,-0.050534316731,0.0503855302143
7.920775,-0.0501178422222,0.0505037324381
7.9207875,-0.049897541157,0.0508113079104
7.9208,-0.0496687328374,0.0511187575324
7.9208125,-0.0494522748886,0.0514855468275
7.920825,-0.0490280326188,0.0517237865318
7.9208375,-0.0488081171595,0.052013508006
7.92085,-0.0484664701389,0.0522806495657
7.9208625,-0.0482085668838,0.052462471998
7.920875,-0.0478617418483,0.0527343627864
7.9208875,-0.0474056952167,0.0530665936848
7.9209,-0.047296086565,0.0532797154381
7.9209125,-0.0470009143846,0.0535573171293
7.920925,-0.0466913910866,0.0538496067087
7.9209375,-0.046274310286,0.0541517545636
7.92095,-0.045949228416,0.054358522358
7.9209625,-0.0458597546764,0.0547089393175
7.920975,-0.0455260379985,0.0549496793084
7.9209875,-0.0451232405149,0.0551781513575
7.921,-0.0448015853644,0.0553638191926
7.9210125,-0.0444950239833,0.0556294707694
7.921025,-0.0442730186625,0.0559271760411
7.9210375,-0.043906845712,0.0559993557003
7.92105,-0.0435817940742,0.056408565343
7.9210625,-0.043283727318,0.056639302908
7.921075,-0.0429857179549,0.0569163989822
7.9210875,-0.0426748267662,0.0571379798604
7.9211,-0.0422690484769,0.0573588895766
7.9211125,-0.0419367982796,0.0576114758822
7.921125,-0.0416006483944,0.0577804129435
7.9211375,-0.0413430115085,0.0579785313425
7.92115,-0.040987587355,0.0582577595668
7.9211625,-0.0406425716999,0.0584876873545
7.921175,-0.0403134345803,0.0587214269589
7.9211875,-0.0400098045892,0.0589077444008
7.9212,-0.0396388334937,0.0592030007711
7.9212125,-0.0393786561333,0.0593246560633
7.921225,-0.0390105735438,0.0595435036463
7.9212375,-0.0386466431138,0.0598740625466
7.92125,-0.0383449890158,0.0600996894608
7.9212625,-0.0379826498773,0.0603597224357
7.921275,-0.0376733033679,0.0605584741053
7.9212875,-0.03730124992,0.0606692128267
7.9213,-0.036970119304,0.0609058035937
7.9213125,-0.0366230698308,0.0610877909232
7.921325,-0.0362936817408,0.0613456982179
7.9213375,-0.0359625008288,0.0614515504672
7.92135,-0.0355842959773,0.0618664916815
7.9213625,-0.0352743671211,0.0618178804404
7.921375,-0.0349600597337,0.0621728942295
7.9213875,-0.0344260177946,0.0623384954905
7.9214,-0.0341570841792,0.06238393001
7.9214125,-0.0337777696375,0.0626768366036
7.921425,-0.0334122681762,0.062875618724
7.9214375,-0.0330532894671,0.063046615955
7.92145,-0.0328435031172,0.0632027832341
7.9214625,-0.032356346449,0.0635253251571
7.921475,-0.032139168453,0.0637503651813
7.9214875,-0.0316397358256,0.0637297066406
7.9215,-0.0313728915394,0.0639336459601
7.9215125,-0.0310292193724,0.064093503001
7.921525,-0.0306507748911,0.0641975979244
7.9215375,-0.0301359347832,0.0645169989666
7.92155,-0.0299818418722,0.0647140900682
7.9215625,-0.0296557644103,0.0648093829919
7.921575,-0.0291179426187,0.0649760936222
7.9215875,-0.0287684455394,0.0652379440299
7.9216,-0.0285561695632,0.0653823575109
7.9216125,-0.0279749848976,0.0654811563667
7.921625,-0.027782731446,0.0656096776789
7.9216375,-0.0274317848971,0.0657565837469
7.92165,-0.0269591750054,0.0659980095077
7.9216625,-0.0266262730462,0.0662535902709
7.921675,-0.0262266751695,0.0661210599197
7.9216875,-0.0258305341655,0.066377607855
7.9217,-0.0254076822312,0.0665524118473
7.9217125,-0.0250610404452,0.0668365047562
7.921725,-0.0246873777976,0.0667863768327
7.9217375,-0.0243521081509,0.0669322421259
7.92175,-0.0240296485574,0.0670906458255
7.9217625,-0.0235543165957,0.0671557990698
7.921775,-0.0231335422764,0.0673017267526
7.9217875,-0.0228163944574,0.0674698973854
7.9218,-0.0223664532081,0.0675250658355
7.9218125,-0.0220218600283,0.0678621987067
7.921825,-0.0216997135266,0.0678700759354
7.9218375,-0.0212576880984,0.0679720670196
7.92185,-0.0208753789193,0.0680540557182
7.9218625,-0.020448273405,0.068086943862
7.921875,-0.0201415304731,0.0683553757143
7.9218875,-0.0196088684035,0.068369905105
7.9219,-0.0194110170496,0.0685646240918
7.9219125,-0.0188597307732,0.0686495168227
7.921925,-0.0185306645746,0.0685929900707
7.9219375,-0.0182440393545,0.0689104110806
7.92195,-0.0177961489612,0.0689174458884
7.9219625,-0.0173721941811,0.0690213366984
7.921975,-0.0170556586766,0.0692101988667
7.9219875,-0.0166712258678,0.0693326161385
7.922,-0.0161674095528,0.0692415140406
7.9220125,-0.0158980743458,0.0692746296142
7.922025,-0.0152848234948,0.0694377449742
7.9220375,-0.0150515416646,0.0696304861614
7.92205,-0.0146920679961,0.0697949298073
7.9220625,-0.0142865415476,0.0696836513579
7.922075,-0.0138765914434,0.0698168732386
7.9220875,-0.0134561174967,0.0699639448307
7.9221,-0.0129857682682,0.0700892464727
7.9221125,-0.0126848351121,0.0700679702208
7.922125,-0.0123497714054,0.0700639440125
7.9221375,-0.0118695018517,0.0701131421629
7.92215,-0.0115071823024,0.0702374167091
7.9221625,-0.0110463125861,0.0702970364075
7.922175,-0.0107460638003,0.070408267706
7.9221875,-0.0102676659348,0.0704764602156
7.9222,-0.0098355292838,0.0705151449664
7.9222125,-0.00940825082471,0.070529041222
7.922225,-0.00898760001486,0.0705398206554
7.9222375,-0.00863859717276,0.0706986147452
7.92225,-0.0083770679143,0.0707451602486
7.9222625,-0.00792955719652,0.0707209907455
7.922275,-0.00739904915574,0.0708976344727
7.9222875,-0.00721544596871,0.0707792438469
7.9223,-0.00677930909228,0.0710512891965
7.9223125,-0.00624259713394,0.0708188012411
7.922325,-0.00595848375726,0.0709626558033
7.9223375,-0.00560512699665,0.0709407524811
7.92235,-0.00524454792656,0.0708620179887
7.9223625,-0.00476864592437,0.0710011888433
7.922375,-0.00434266740463,0.0711082651083
7.9223875,-0.00383426558239,0.0710909530937
7.9224,-0.00356749444205,0.0710214356064
7.9224125,-0.00310819176049,0.0711929899537
7.922425,-0.0026098500581,0.0710615697171
7.9224375,-0.00230119205379,0.0711019419258
7.92245,-0.00193073508222,0.0710230211908
7.9224625,-0.00154164885895,0.0710348226093
7.922475,-0.00111426381826,0.0711385158263
7.9224875,-0.000774125962776,0.0710971309301
7.9225,-0.000278497952839,0.0711697981324
7.9225125,0.000185638489689,0.0711251543551
7.922525,0.000527011405358,0.071125794545
7.9225375,0.0011461942495,0.0712317375657
7.92255,0.00132220708263,0.0711394915343
7.9225625,0.00169354918944,0.0712043449935
7.922575,0.00206406873979,0.0710966388382
7.9225875,0.00248433809759,0.0710867995322
7.9226,0.0029232964738,0.0709993554468
7.9226125,0.00331359609362,0.0711032331951
7.922625,0.00360636028421,0.0710889530438
7.9226375,0.00411267307555,0.0710173360979
7.92265,0.00451763895965,0.0710231858109
7.9226625,0.00474670410965,0.0709822830589
7.922675,0.00533142260285,0.0708643692555
7.9226875,0.00574263833407,0.0709286513198
7.9227,0.00619391034406,0.0709776756596
7.9227125,0.00651591289256,0.0708440461963
7.922725,0.00690056320224,0.0707744505191
7.9227375,0.00741246481842,0.0707679292311
7.92275,0.00787790292187,0.070780739593
7.9227625,0.00810235657902,0.0706442271216
7.922775,0.00862617813733,0.070665623383
7.9227875,0.00884666018068,0.0705868129735
7.9228,0.00929151634611,0.0704183627673
7.9228125,0.00977008660365,0.0704479230006
7.922825,0.01012148553,0.0702821060015
7.9228375,0.0104421746387,0.0703796876883
7.92285,0.0109259047707,0.0702381334266
7.9228625,0.0113851140238,0.0701978773624
7.922875,0.0117915039235,0.0702163467398
7.9228875,0.0121627368467,0.070192831153
7.9229,0.0124338818541,0.0700325002914
7.9229125,0.0129427899043,0.0700194549689
7.922925,0.0133780608491,0.0698967853546
7.9229375,0.013680050529,0.0696768635305
7.92295,0.0140625606784,0.0697320454931
7.9229625,0.0144755000101,0.0695924550726
7.922975,0.0150119147336,0.0694891014247
7.9229875,0.015340685322,0.0695051745467
7.923,0.0156298525865,0.0693435916468
7.9230125,0.0161622531361,0.0693430220207
7.923025,0.0164798548719,0.0692395430849
7.9230375,0.016890540322,0.0690756816015
7.92305,0.0173261649386,0.0688252700625
7.9230625,0.0176453553082,0.068821602896
7.923075,0.0180199608474,0.0687461783482
7.9230875,0.0184282770737,0.068737592348
7.9231,0.0187837206451,0.0686346282329
7.9231125,0.0192463713456,0.0685590813344
7.923125,0.0195906360265,0.0683694564594
7.9231375,0.0200165396121,0.0682938731501
7.92315,0.020440255751,0.0681889608022
7.9231625,0.0206923112095,0.0679966436539
7.923175,0.0210652954573,0.0678944426709
7.9231875,0.0215360473228,0.0677837960558
7.9232,0.0217957370552,0.067800201583
7.9232125,0.0223194053704,0.0676419177572
7.923225,0.0226947646521,0.0673643342946
7.9232375,0.0230543538922,0.0673146737336
7.92325,0.0234605391637,0.0671639676671
7.9232625,0.0239536774816,0.0670975524531
7.923275,0.0242170754745,0.0669236188259
7.9232875,0.0245941112539,0.0667345244249
7.9233,0.0249503999217,0.0665307930145
7.9233125,0.0253828578282,0.0664529180399
7.923325,0.0255637776459,0.0663705754061
7.9233375,0.0260742894075,0.0660928052604
7.92335,0.0264870687001,0.0659835640965
7.9233625,0.0268398539423,0.0658680405674
7.923375,0.0272561732788,0.0657551819007
7.9233875,0.0275194523196,0.0654066827284
7.9234,0.0280876269862,0.0653439559974
7.9234125,0.0283965883446,0.0653716051419
7.923425,0.0286150212873,0.0649964577233
7.9234375,0.0291088718202,0.0647297377059
7.92345,0.029387166084,0.0647625142893
7.9234625,0.0297775821914,0.0644861495451
7.923475,0.0300591727508,0.0643932200459
7.9234875,0.0304592296176,0.0641994330834
7.9235,0.0308782213265,0.0640090030225
7.9235125,0.0311083488368,0.0637745611487
7.923525,0.0316106468062,0.0637258823396
7.9235375,0.0319688619597,0.0634504348586
7.92355,0.0323086219237,0.0633660403274
7.9235625,0.0326159845326,0.0629889785516
7.923575,0.0330978538256,0.0629352257103
7.9235875,0.0333391506328,0.0626915863132
7.9236,0.0337105764665,0.0625678305876
7.9236125,0.0341393859254,0.062393024616
7.923625,0.0343816201016,0.0621274835305
7.9236375,0.0348821904187,0.061875204292
7.92365,0.0351531708141,0.0619144219667
7.9236625,0.0353783804129,0.0615386988206
7.923675,0.0357509050673,0.0613055504297
7.9236875,0.0362135899366,0.0610843933563
7.9237,0.0365149539746,0.0609512197259
7.9237125,0.0368365979966,0.0606355736128
7.923725,0.0371665999984,0.0606803017715
7.9237375,0.037586192668,0.0602657604077
7.92375,0.0379177583152,0.0601199566878
7.9237625,0.0381502663053,0.0598206623089
7.923775,0.0385315679923,0.0598223111134
7.9237875,0.0389379742705,0.0594567912099
7.9238,0.0391347013189,0.0591633093732
7.9238125,0.03954876353,0.0590908772372
7.923825,0.0399205075171,0.0587825957759
7.9238375,0.0401980451501,0.0585074350263
7.92385,0.0405425012216,0.0583107313244
7.9238625,0.0409210862139,0.0579518310611
7.923875,0.0412042310195,0.0577584768414
7.9238875,0.0415857268297,0.0575134212561
7.9239,0.0418494390382,0.0572714706818
7.9239125,0.0422350689342,0.0570581804684
7.923925,0.0426332308899,0.0568745750729
7.9239375,0.0428296512285,0.0565495524759
7.92395,0.0431882335891,0.0562297591522
7.9239625,0.0434501740533,0.0560353349452
7.923975,0.0438480002934,0.055842223355
7.9239875,0.044048844852,0.0555255541855
7.924,0.0445868498537,0.0553352777454
7.9240125,0.0448261587747,0.055041971693
7.924025,0.0450800186711,0.0547457573827
7.9240375,0.0453689776724,0.0545306474386
7.92405,0.0456945806459,0.0543067728099
7.9240625,0.0460518186614,0.0540775003195
7.924075,0.0463193857679,0.0537849835342
7.9240875,0.0465729647874,0.0534379235892
7.9241,0.0469063723376,0.0532825490236
7.9241125,0.0472453289809,0.0529592352388
7.924125,0.0474808742278,0.0526544170589
7.9241375,0.0477366621595,0.0524182335125
7.92415,0.0480197914677,0.0521522026245
7.9241625,0.048396610116,0.0518933435495
7.924175,0.0487348452607,0.051676120653
7.9241875,0.0489998587798,0.051314570902
7.9242,0.0491895982047,0.0510548403108
7.9242125,0.0495870739783,0.0507207223003
7.924225,0.0497507672373,0.0505439206797
7.9242375,0.0500558336319,0.05009861221
7.92425,0.0504343992136,0.0498204470936
7.9242625,0.0507703239157,0.0494825861969
7.924275,0.0510165554239,0.0492807269951
7.9242875,0.0513385411224,0.049055487051
7.9243,0.051541912497,0.0487691931659
7.9243125,0.05184813148,0.0485121094966
7.924325,0.0520735473801,0.0481811616114
7.9243375,0.0522705081341,0.0479085553989
7.92435,0.0525425015253,0.0476341516273
7.9243625,0.0528801287027,0.0473079821044
7.924375,0.0531913430988,0.0468488987283
7.9243875,0.0534455673369,0.0466104629534
7.9244,0.0537405517086,0.0463187400335
7.9244125,0.0539338974351,0.0458993642222
7.924425,0.054185371749,0.0456959052303
7.9244375,0.0545098918519,0.0454195086406
7.92445,0.054726375882,0.045126349157
7.9244625,0.0549134447758,0.0447724525743
7.924475,0.0551627374525,0.0444759443095
7.9244875,0.0554889171186,0.0440736367582
7.9245,0.0558350859317,0.0437762069663
7.9245125,0.0559184709111,0.0435122643969
7.924525,0.0562071823418,0.0432548527198
7.9245375,0.0563370275987,0.0427020185245
7.92455,0.0566930104227,0.0425371078276
7.9245625,0.0568771726187,0.0421268650586
7.924575,0.0571581605625,0.0418367827381
7.9245875,0.0574907653828,0.04148370585
7.9246,0.0575447834785,0.0411778431121
7.9246125,0.0578808311846,0.0408636138434
7.924625,0.0581156346566,0.0404395783198
7.9246375,0.0583249855532,0.0400583374963
7.92465,0.0585602415674,0.0398327349136
7.9246625,0.058663378699,0.0394707044732
7.924675,0.0587802876909,0.0390937036567
7.9246875,0.0591738533575,0.0388703833845
7.9247,0.059415100017,0.0385016897784
7.9247125,0.0596199385789,0.0381450456275
7.924725,0.0597657943536,0.0377524799912
7.9247375,0.0600856217983,0.0374926905584
7.92475,0.0602924217407,0.0370996465476
7.9247625,0.0604393589881,0.0368363687938
7.924775,0.0606196763529,0.0364991942842
7.9247875,0.0608745246963,0.035876215885
7.9248,0.0610382548617,0.0356378336573
7.9248125,0.0613442604977,0.0352890850847
7.924825,0.0615788148511,0.0349720667945
7.9248375,0.0616154775096,0.0346548570106
7.92485,0.0618428051626,0.0344250959792
7.9248625,0.0620313494684,0.0337868884768
7.924875,0.0622175869215,0.0335572310274
7.9248875,0.0624534778593,0.0331866935588
7.9249,0.0626759399229,0.0328374704492
7.9249125,0.0628235227306,0.0324981517042
7.924925,0.0630315106857,0.032088757945
7.9249375,0.0633006329275,0.0317478933044
7.92495,0.0634794449373,0.031471547998
7.9249625,0.063433717354,0.030940888801
7.924975,0.0637959545207,0.030569149429
7.9249875,0.0638192709326,0.0302517671103
7.925,0.0639454124416,0.0300056192755
7.9250125,0.064165304156,0.029567579318
7.925025,0.0643160576062,0.0292157485732
7.9250375,0.064522591638,0.0288359919063
7.92505,0.0648026908568,0.0284194939791
7.9250625,0.0647199530953,0.0279384752747
7.925075,0.0650766441788,0.0277183459018
7.9250875,0.0651110345672,0.0271942618268
7.9251,0.0653488300022,0.0269278794398
7.9251125,0.0653424624794,0.0265994031344
7.925125,0.0656123893586,0.0261589832453
7.9251375,0.0657648173423,0.025735354053
7.92515,0.0658244936107,0.025515818503
7.9251625,0.0660426622964,0.0250722797634
7.925175,0.0661503473482,0.0245661540341
7.9251875,0.0662724914411,0.0242456559636
7.9252,0.0662993230241,0.0239766689535
7.9252125,0.0664580139756,0.0235657662332
7.925225,0.0666801220503,0.0230498592227
7.9252375,0.0666976155218,0.0227100281256
7.92525,0.0669881763883,0.0224330938913
7.9252625,0.0670179185972,0.0219798505903
7.925275,0.0672572215281,0.0214980639478
7.9252875,0.0674706694136,0.0210549945183
7.9253,0.0673676833902,0.0206786195696
7.9253125,0.0674000482063,0.0203777845715
7.925325,0.0675864249272,0.0200751056508
7.9253375,0.0676474030346,0.0195714862372
7.92535,0.0678231100205,0.0191717552148
7.9253625,0.0678301866024,0.0188955772637
7.925375,0.0679848694465,0.0183990477108
7.9253875,0.0681102021587,0.0179545806039
7.9254,0.0680929105623,0.0175157093391
7.9254125,0.0683313605269,0.0172431629627
7.925425,0.0683436957353,0.0168232948546
7.9254375,0.068476720838,0.0164501373072
7.92545,0.068591589718,0.0159095626336
7.9254625,0.0686137692235,0.01559957913
7.925475,0.0686565961191,0.0151720580456
7.9254875,0.0688200105662,0.0148447909949
7.9255,0.0688413379302,0.014471848054
7.9255125,0.0689720099469,0.0141283458859
7.925525,0.0690504005481,0.0136437718156
7.9255375,0.0691302099325,0.0132099387896
7.92555,0.0692371048078,0.0127806790429
7.9255625,0.0692771366386,0.0124548600252
7.925575,0.0693409576772,0.0121269714243
7.9255875,0.0693681925475,0.0116356146486
7.9256,0.069276384262,0.01117337766
7.9256125,0.0694206771837,0.0108093646557
7.925625,0.0695436810367,0.010466537901
7.9256375,0.0695509432129,0.00996509721337
7.92565,0.0695551991986,0.00950462825436
7.9256625,0.0695172097807,0.00923110704714
7.925675,0.0697787981927,0.00874849324718
7.9256875,0.069753515783,0.00838964182407
7.9257,0.0696140130614,0.00787598489382
7.9257125,0.0697533893898,0.00767306395714
7.925725,0.069831668749,0.0072265126858
7.9257375,0.0699500229792,0.00677419450706
7.92575,0.0697452263612,0.00638135793232
7.9257625,0.069950617784,0.00590803280852
7.925775,0.0700099259907,0.00553928310232
7.9257875,0.069913600228,0.00501063266391
7.9258,0.0699506515297,0.00453020309853
7.9258125,0.0698358570559,0.00433366994229
7.925825,0.0699519401357,0.00397826012957
7.9258375,0.0699289282101,0.00349179171491
7.92585,0.0699239266314,0.0031269187442
7.9258625,0.0700020390694,0.00267356489251
7.925875,0.0700013663983,0.00213851231149
7.9258875,0.0700913519075,0.00195262603764
7.9259,0.0700422745358,0.00148295832912
7.9259125,0.0701104957648,0.00107965631842
7.925925,0.0699748870282,0.00061894211514
7.9259375,0.0700121987057,0.000218958479463
7.92595,0.0700143936245,-0.000161125017597
7.9259625,0.069942132281,-0.000564076347322
7.925975,0.0699190342934,-0.000930141703047
7.9259875,0.0699004413551,-0.00147627656024
7.926,0.0698939556162,-0.00187839099086
7.9260125,0.0699377026297,-0.00229832392173
7.926025,0.0698628008849,-0.0025177702829
7.9260375,0.0698120427849,-0.00311632944824
7.92605,0.0698597136658,-0.00351828015088
7.9260625,0.0697265268401,-0.00384614138088
7.926075,0.0696464962296,-0.0042307825577
7.9260875,0.069783104659,-0.00462701115916
7.9261,0.0695199555866,-0.0050491167849
7.9261125,0.0694924907459,-0.00550439542328
7.926125,0.0695366597031,-0.00594826500562
7.9261375,0.0693559704886,-0.00633099640508
7.92615,0.0693688935119,-0.00673663695228
7.9261625,0.0692223129611,-0.00720482055887
7.926175,0.0693429199335,-0.00752067501609
7.9261875,0.0694156742042,-0.00797664384447
7.9262,0.0691024210914,-0.00839796401206
7.9262125,0.0691410164108,-0.00865527164966
7.926225,0.0690561757795,-0.00905107790677
7.9262375,0.0690199017119,-0.00961487826858
7.92625,0.0689898669808,-0.00987900336928
7.9262625,0.068846335321,-0.0104459187243
7.926275,0.0688011003336,-0.0107713789013
7.9262875,0.0687636018698,-0.0111862386257
7.9263,0.0685882153611,-0.0116019738123
7.9263125,0.0685704621162,-0.0120310635168
7.926325,0.0682317520663,-0.0124367948773
7.9263375,0.0682705531517,-0.0128281901101
7.92635,0.0681697623132,-0.0131440710308
7.9263625,0.0680433550779,-0.0136146645392
7.926375,0.067928699391,-0.0140929951323
7.9263875,0.0678383455721,-0.0144481706634
7.9264,0.0677328216217,-0.0147220376083
7.9264125,0.0676720238162,-0.0152166660871
7.926425,0.0674804011019,-0.0155143088582
7.9264375,0.0674834549005,-0.0159709654925
7.92645,0.0672688460309,-0.0163644762882
7.9264625,0.0673425011299,-0.0167887692352
7.926475,0.0671286792136,-0.0172124944214
7.9264875,0.0668923958585,-0.0175983180172
7.9265,0.0667794128715,-0.0179232099558
7.9265125,0.0666860896799,-0.0184525927747
7.926525,0.0667237959906,-0.0187407428877
7.9265375,0.0663996774252,-0.0191953606668
7.92655,0.0663626527804,-0.0196257946279
7.9265625,0.0661073487868,-0.0200241430105
7.926575,0.0660199205977,-0.0204259501685
7.9265875,0.0658410082284,-0.0207805948958
7.9266,0.0656623785693,-0.0211747099675
7.9266125,0.0654167130278,-0.0215677046206
7.926625,0.0652974190659,-0.0218857041752
7.9266375,0.0652782013255,-0.0222389355794
7.92665,0.065178896225,-0.0225817929672
7.9266625,0.064820739068,-0.0230315212434
7.926675,0.0647117747815,-0.0234460338407
7.9266875,0.0645865439662,-0.0238811499764
7.9267,0.0643619185887,-0.0242214953616
7.9267125,0.0640717244164,-0.0246268950632
7.926725,0.0640123175924,-0.0249332524868
7.9267375,0.0639438727634,-0.0252563679803
7.92675,0.0636589367138,-0.0256566687121
7.9267625,0.0634033129515,-0.0260813346091
7.926775,0.0631924003695,-0.0264372434676
7.9267875,0.0631451810667,-0.0268542099502
7.9268,0.0629142532375,-0.0271808081472
7.9268125,0.062771914079,-0.0274551752059
7.926825,0.0624177854773,-0.0279823380647
7.9268375,0.0623224306246,-0.0282697443939
7.92685,0.0620526537878,-0.0287311703938
7.9268625,0.0618955013029,-0.0290029623333
7.926875,0.0614910393381,-0.0294136961159
7.9268875,0.0613995978256,-0.0297664245488
7.9269,0.0613163176351,-0.0302050075291
7.9269125,0.0608941739296,-0.0304818932686
7.926925,0.0607816895426,-0.0308272117313
7.9269375,0.0604724260147,-0.0311169226286
7.92695,0.0603295932266,-0.0315295317093
7.9269625,0.0600986924876,-0.0319235761262
7.926975,0.0597225655988,-0.032240658132
7.9269875,0.0596488695003,-0.0327282902832
7.927,0.0593604646223,-0.0329112118419
7.9270125,0.0591207261097,-0.0333274153369
7.927025,0.0589612013666,-0.0336687183902
7.9270375,0.058625470613,-0.0341230023856
7.92705,0.0583848023734,-0.0343125631196
7.9270625,0.0582493942441,-0.0348185912225
7.927075,0.0578988263788,-0.0349820645865
7.9270875,0.0576972701397,-0.0354074029588
7.9271,0.0573170397254,-0.0357129502146
7.9271125,0.0570084874157,-0.0361494719778
7.927125,0.056653956915,-0.0363833281048
7.9271375,0.0565050716575,-0.0366907581177
7.92715,0.0561861991447,-0.0370965714769
7.9271625,0.0559696381119,-0.0373032521361
7.927175,0.0555031288786,-0.0377901768646
7.9271875,0.0554214695993,-0.0380036642375
7.9272,0.0550234995489,-0.0384070793846
7.9272125,0.0546681267527,-0.0386589450897
7.927225,0.05432784051,-0.0389895685364
7.9272375,0.0541000581717,-0.039326331481
7.92725,0.0537881776961,-0.0397068712806
7.9272625,0.0535380205855,-0.0400099475235
7.927275,0.0531208344926,-0.0402890091964
7.9272875,0.0528642096171,-0.0405797396414
7.9273,0.0525917880677,-0.0408111758621
7.9273125,0.0521053086712,-0.0410907018764
7.927325,0.0518682415521,-0.0414414217006
7.9273375,0.0515148376791,-0.0417881360746
7.92735,0.0511829091856,-0.0420381524507
7.9273625,0.0507957133649,-0.0423927407851
7.927375,0.0505038816602,-0.0425177302592
7.9273875,0.0501398982208,-0.0429146569584
7.9274,0.0499215100668,-0.0431885128584
7.9274125,0.0493442987934,-0.0434933266127
7.927425,0.0490514085962,-0.0437752580384
7.9274375,0.0487778761738,-0.0440876665241
7.92745,0.0483286284258,-0.0443720250054
7.9274625,0.0480227650215,-0.0444959168945
7.927475,0.0476120742293,-0.0447692914357
7.9274875,0.0471896144641,-0.04514694476
7.9275,0.0467562006833,-0.045378564986
7.9275125,0.0464147648094,-0.0455814665147
7.927525,0.0459777818202,-0.0458191472328
7.9275375,0.0455991603853,-0.0460023983181
7.92755,0.0453177727603,-0.0462700539417
7.9275625,0.0447788273321,-0.0466305279223
7.927575,0.0443200606315,-0.0468737237638
7.9275875,0.0438495961866,-0.0470544673723
7.9276,0.0435474075012,-0.0471199034696
7.9276125,0.043123215114,-0.0474655292305
7.927625,0.0426730207059,-0.0477154934769
7.9276375,0.0421993558259,-0.0479516991053
7.92765,0.0416494284366,-0.0480408246449
7.9276625,0.0411566217406,-0.0482517881309
7.927675,0.0406821041742,-0.0484873179091
7.9276875,0.040220840688,-0.0486467180615
7.9277,0.039771138243,-0.0487737128403
7.9277125,0.0393154387213,-0.0489562600709
7.927725,0.0387687549585,-0.0491355630176
7.9277375,0.038334746292,-0.0493585714773
7.92775,0.0377662084546,-0.0494465163045
7.9277625,0.0371225332412,-0.0496678067299
7.927775,0.0366461249145,-0.0496773609666
7.9277875,0.0360035932203,-0.0499238446437
7.9278,0.0355666192546,-0.0499901123567
7.9278125,0.0350190661914,-0.0500381708622
7.927825,0.0344167077183,-0.050141512177
7.9278375,0.0338825148997,-0.0502397620604
7.92785,0.0332918948498,-0.0502023882591
7.9278625,0.0327212223463,-0.0504799765017
7.927875,0.0320381772169,-0.0505178013266
7.9278875,0.0314973660098,-0.0505907378076
7.9279,0.0308795431382,-0.0503422876341
7.9279125,0.0302104398666,-0.0503868776237
7.927925,0.0294358750741,-0.0503999420503
7.9279375,0.0289431248799,-0.0503318809468
7.92795,0.0281201641606,-0.0502957375764
7.9279625,0.0274413131114,-0.0501970566411
7.927975,0.0267683911345,-0.0501820306455
7.9279875,0.0259520875137,-0.0501537625389
7.928,0.0251911731976,-0.0499735700579
7.9280125,0.0245194108996,-0.0497934277232
7.928025,0.0237289220987,-0.0495194368802
7.9280375,0.0228014436754,-0.0495018483616
7.92805,0.0220579800182,-0.0490912342265
7.9280625,0.0212466461398,-0.0488660499284
7.928075,0.0202779895116,-0.0486228371332
7.9280875,0.019537365294,-0.0481165184481
7.9281,0.0185750188664,-0.047790787148
7.9281125,0.0176024597697,-0.0471472767554
7.928125,0.0166067716898,-0.0465703605468
7.9281375,0.0156744828007,-0.0459456251493
7.92815,0.0145853141195,-0.0452652502122
7.9281625,0.0136658593371,-0.0444907099141
7.928175,0.0125292484183,-0.0435303030005
7.9281875,0.0115517876163,-0.0425362946322
7.9282,0.0103641056827,-0.0413732027945
7.9282125,0.00936929986317,-0.040198357496
7.928225,0.00822462491222,-0.0388137088787
7.9282375,0.00725749476736,-0.0370659432259
7.92825,0.00602020233226,-0.0354734886858
7.9282625,0.00501084669311,-0.0334786627147
7.928275,0.00411525504829,-0.0312667653576
7.9282875,0.00316607306304,-0.028772291776
7.9283,0.0024094132544,-0.0259878099816
7.9283125,0.00185902896443,-0.0228125617057
7.928325,0.00142643783063,-0.0192835534791
7.9283375,0.00146296364101,-0.0154117922925
7.92835,0.00196967681143,-0.0110312048279
7.9283625,0.00298064778859,-0.00656838220165
7.928375,0.00462045656375,-0.00150467934076
7.9283875,0.00729886347142,0.00369700549307
7.9284,0.0109812314163,0.00906335713352
7.9284125,0.0159935270051,0.0142270802052
7.928425,0.0224932528829,0.0186073972119
7.9284375,0.0301585772697,0.0222559447058
7.92845,0.0389744901861,0.0242945018386
7.9284625,0.0484104918107,0.0244316797049
7.928475,0.05791978732,0.0226169753477
7.9284875,0.0669759778844,0.0188241876972
7.9285,0.0748332251453,0.0132052599105
7.9285125,0.0811379041813,0.00630953771596
7.928525,0.0858409760626,-0.00130354748957
7.9285375,0.0887732817986,-0.00896851289392
7.92855,0.0903541845451,-0.0165065745055
7.9285625,0.0906585931469,-0.0235403195116
7.928575,0.0899619828338,-0.0300117895047
7.9285875,0.0886827596082,-0.035776259541
7.9286,0.0869309256347,-0.0408678486495
7.9286125,0.0849017446128,-0.0452908448762
7.928625,0.0826425250609,-0.0491407738514
7.9286375,0.0802874169668,-0.0525260691335
7.92865,0.0779980445294,-0.0555373739474
7.9286625,0.0756955776327,-0.0579093309151
7.928675,0.0733707455817,-0.0601368761302
7.9286875,0.0710842940453,-0.0620075925709
7.9287,0.0690169365899,-0.0638006239472
7.9287125,0.0669694679937,-0.0652517268015
7.928725,0.0648947834834,-0.0666262909256
7.9287375,0.0631022816418,-0.0677537878855
7.92875,0.0612217202174,-0.0686182475685
7.9287625,0.0595311372681,-0.0695992248321
7.928775,0.0577958138362,-0.0702853827738
7.9287875,0.0562193757569,-0.0711591612901
7.9288,0.0547769052391,-0.0719086016418
7.9288125,0.0533019190968,-0.0723693139129
7.928825,0.0517956667268,-0.0729776308477
7.9288375,0.0505540486171,-0.0733079459738
7.92885,0.0492302053601,-0.073916693972
7.9288625,0.0479470204157,-0.0742810503337
7.928875,0.0466337847101,-0.074522967401
7.9288875,0.0454536422808,-0.075080080856
7.9289,0.0443807938196,-0.075424625076
7.9289125,0.0432369680563,-0.0756283129815
7.928925,0.0421793897018,-0.0759820611436
7.9289375,0.0411085790959,-0.0761470142237
7.92895,0.0401329915647,-0.076428414909
7.9289625,0.038966316025,-0.0765917468434
7.928975,0.0381558306761,-0.0770011146809
7.9289875,0.0373373353883,-0.0770113863231
7.929,0.0363573971815,-0.0773047187461
7.9290125,0.0353965858688,-0.0773578954367
7.929025,0.0345980072732,-0.0774678506629
7.9290375,0.033633447868,-0.0776579299631
7.92905,0.0328495209672,-0.0777468938633
7.9290625,0.0321512020656,-0.0780426058212
7.929075,0.0311914054152,-0.0781264828975
7.9290875,0.0304804854054,-0.0783025143065
7.9291,0.0296376020284,-0.0784314739461
7.9291125,0.0288691346327,-0.0784258449595
7.929125,0.0281915580858,-0.0785176152961
7.9291375,0.0274057907374,-0.0786974091613
7.92915,0.0266791063897,-0.0785911975577
7.9291625,0.0258245882229,-0.078801914919
7.929175,0.0252479497775,-0.078884002774
7.9291875,0.0245587602341,-0.0789080505675
7.9292,0.0237486925686,-0.078938337997
7.9292125,0.0229974144019,-0.0789744717238
7.929225,0.0225196323607,-0.0792006262557
7.9292375,0.0218324810107,-0.0790841529998
7.92925,0.0211179408349,-0.079153168067
7.9292625,0.0204081922892,-0.0791983097139
7.929275,0.0198249134922,-0.079313622988
7.9292875,0.0192363502381,-0.0793341205167
7.9293,0.0186377351677,-0.0793006638829
7.9293125,0.017821919906,-0.0795791310397
7.929325,0.0172413300185,-0.0794444370939
7.9293375,0.0168116892218,-0.0795596644414
7.92935,0.0161248145988,-0.0794631240525
7.9293625,0.0153395660236,-0.0795420033447
7.929375,0.0148774167323,-0.0795100038544
7.9293875,0.0141356269676,-0.0796071806963
7.9294,0.0135655298185,-0.0795223100708
7.9294125,0.0131819780369,-0.07965831989
7.929425,0.0124182297422,-0.0795865403632
7.9294375,0.0118876147236,-0.0795404600353
7.92945,0.0113403364162,-0.0795660451449
7.9294625,0.0107920136807,-0.0796568374141
7.929475,0.0101980460604,-0.0795916073727
7.9294875,0.00955717443166,-0.0794906977205
7.9295,0.00898139496704,-0.0795430667319
7.9295125,0.00842826754925,-0.0796034080456
7.929525,0.00802000409978,-0.0796172067268
7.9295375,0.00742613094426,-0.0796467860621
7.92955,0.00683868776333,-0.079525592437
7.9295625,0.00629527077717,-0.0794301560836
7.929575,0.00563621404689,-0.0794352759822
7.9295875,0.00520409760468,-0.0795643801695
7.9296,0.00467396804586,-0.0794249491471
7.9296125,0.00423729099513,-0.0794417384426
7.929625,0.00344661985157,-0.0793949151935
7.9296375,0.00302590546519,-0.079431874887
7.92965,0.00248513765003,-0.0791965530731
7.9296625,0.00201950096451,-0.0792713416948
7.929675,0.00151714005342,-0.0791780692487
7.9296875,0.000892368402865,-0.0792428274553
7.9297,0.000393095566535,-0.0790899687659
7.9297125,-0.000131667949078,-0.0791141514936
7.929725,-0.000639771605949,-0.0790464165078
7.9297375,-0.00114202702289,-0.0789917112738
7.92975,-0.00173121843077,-0.0789446155231
7.9297625,-0.00214765601429,-0.0788621849984
7.929775,-0.00265774427004,-0.0787960772327
7.9297875,-0.00324551773536,-0.0787254635413
7.9298,-0.00365239722478,-0.0785732202896
7.9298125,-0.00411540520473,-0.0786477461664
7.929825,-0.00472233109663,-0.0785487738788
7.9298375,-0.00521031541621,-0.0785469407723
7.92985,-0.00560918572834,-0.078221104159
7.9298625,-0.00618037676558,-0.0782069604808
7.929875,-0.00660302557821,-0.0781663303798
7.9298875,-0.00717947108205,-0.0780804550271
7.9299,-0.00774756057056,-0.0780560049352
7.9299125,-0.00808727541596,-0.077959663046
7.929925,-0.00868712082796,-0.0777155257386
7.9299375,-0.00922858219754,-0.0776062775082
7.92995,-0.00943435577935,-0.0775617511987
7.9299625,-0.0101678606495,-0.0775091901887
7.929975,-0.0104745532848,-0.0774378714886
7.9299875,-0.0110488500418,-0.0773366697818
7.93,-0.0114847793078,-0.0772149243953
7.9300125,-0.0119445083628,-0.0770326675325
7.930025,-0.0125258056237,-0.076948642881
7.9300375,-0.0129948267024,-0.0769007518367
7.93005,-0.0134415728093,-0.0766801160963
7.9300625,-0.0138353167744,-0.0766634392452
7.930075,-0.0144361773538,-0.076593732086
7.9300875,-0.0146982132224,-0.0765073877163
7.9301,-0.015311719834,-0.0762973745
7.9301125,-0.0157963938241,-0.076210229351
7.930125,-0.0161880610487,-0.0761576883454
7.9301375,-0.0167568265669,-0.0758502656867
7.93015,-0.0171874938049,-0.0757851722321
7.9301625,-0.0175833223069,-0.0757359303615
7.930175,-0.0180182831534,-0.0754759610339
7.9301875,-0.0185225447986,-0.0753025515689
7.9302,-0.018894166223,-0.0752362182654
7.9302125,-0.0193382935994,-0.0750360682742
7.930225,-0.0197894428657,-0.0748928726112
7.9302375,-0.0202979674828,-0.0748367471422
7.93025,-0.0208360309822,-0.0746791183741
7.9302625,-0.0213341218109,-0.0745215307949
7.930275,-0.0216547559306,-0.0743843892411
7.9302875,-0.0220603651492,-0.0740494499662
7.9303,-0.0226486594687,-0.0740073346413
7.9303125,-0.0229017596671,-0.0739296751905
7.930325,-0.0233655576567,-0.0736513183363
7.9303375,-0.0237875859855,-0.0735319628387
7.93035,-0.0242207782302,-0.0733068993968
7.9303625,-0.0247633871056,-0.0732450578411
7.930375,-0.025160755902,-0.0730465943163
7.9303875,-0.0254746004668,-0.0727836356585
7.9304,-0.0260137112236,-0.0727699019708
7.9304125,-0.026461796331,-0.0725505974531
7.930425,-0.0269656348358,-0.0722451465597
7.9304375,-0.02732440064,-0.0721716467112
7.93045,-0.0277208458944,-0.071799259882
7.9304625,-0.0281392647553,-0.0716941132625
7.930475,-0.028501349878,-0.0715188426833
7.9304875,-0.0289837083631,-0.0713307304875
7.9305,-0.0295095200296,-0.0710316492115
7.9305125,-0.0297207674257,-0.0709176953853
7.930525,-0.030261193324,-0.0707593261242
7.9305375,-0.0305672605731,-0.0706613763882
7.93055,-0.0309685348705,-0.0703356015603
7.9305625,-0.0315637329835,-0.0701712677587
7.930575,-0.0318330151744,-0.0698892709187
7.9305875,-0.0323180310541,-0.0696169303838
7.9306,-0.032711192114,-0.0695524365967
7.9306125,-0.0331400013115,-0.0694750157979
7.930625,-0.0335889167543,-0.0689964741999
7.9306375,-0.0339846521934,-0.0688749913157
7.93065,-0.0342786170073,-0.0686708594211
7.9306625,-0.0348154645243,-0.0684547888016
7.930675,-0.0351222031186,-0.0682704787472
7.9306875,-0.0355013190578,-0.0679161314016
7.9307,-0.0359784130969,-0.067727540097
7.9307125,-0.0362687730381,-0.0676035745792
7.930725,-0.0366430421162,-0.0673668319388
7.9307375,-0.0371290636088,-0.0672141718879
7.93075,-0.0374868130908,-0.066806474744
7.9307625,-0.0379899864825,-0.0666174134664
7.930775,-0.038249104106,-0.0662749948684
7.9307875,-0.0386105726895,-0.0660968765345
7.9308,-0.0390472841275,-0.065892652071
7.9308125,-0.0394372951744,-0.0656146797172
7.930825,-0.0396906703857,-0.0654198414282
7.9308375,-0.0401105907543,-0.0650702552917
7.93085,-0.0406097816352,-0.0649557439037
7.9308625,-0.0408944327681,-0.0646374595042
7.930875,-0.0413200738966,-0.0643470750569
7.9308875,-0.0416926865902,-0.0641273595618
7.9309,-0.0421352073893,-0.0639838928127
7.9309125,-0.0424825590108,-0.0636544483683
7.930925,-0.0427031570957,-0.0632293080749
7.9309375,-0.0430918235037,-0.0631530247619
7.93095,-0.0433925117818,-0.0627356317374
7.9309625,-0.0439505229536,-0.0625993063584
7.930975,-0.0440535800567,-0.0623629890947
7.9309875,-0.0446386055206,-0.0621215322191
7.931,-0.0450678252526,-0.0617274350314
7.9310125,-0.0451750789704,-0.061365349402
7.931025,-0.045520225581,-0.0611071103121
7.9310375,-0.0459487076281,-0.0609870048268
7.93105,-0.0463050047538,-0.0606438432681
7.9310625,-0.046831251848,-0.0603346616683
7.931075,-0.0469910122535,-0.0601578073636
7.9310875,-0.0473279152988,-0.0597447863141
7.9311,-0.0477656306034,-0.0595838982405
7.9311125,-0.0482272771809,-0.0592818662753
7.931125,-0.0485076821196,-0.0589310654794
7.9311375,-0.0488208244243,-0.0585650550791
7.93115,-0.0490225733892,-0.0581817251215
7.9311625,-0.0493284217248,-0.0578972502449
7.931175,-0.0497870175149,-0.0576822391915
7.9311875,-0.0499374782899,-0.0574665110926
7.9312,-0.050498489224,-0.0571207199016
7.9312125,-0.0506882967143,-0.0568930732839
7.931225,-0.0509463010229,-0.0565480163594
7.9312375,-0.0512690214709,-0.0562965084213
7.93125,-0.0516702356692,-0.055898245553
7.9312625,-0.052117237836,-0.0554605715993
7.931275,-0.0522740793681,-0.055292430318
7.9312875,-0.0526736507425,-0.0549469981083
7.9313,-0.0528723471351,-0.0546319991167
7.9313125,-0.0532306932589,-0.0543552611761
7.931325,-0.0535371588871,-0.0540155048833
7.9313375,-0.053949522958,-0.0536458945923
7.93135,-0.0540941595878,-0.053267774037
7.9313625,-0.0544358139219,-0.0529788827546
7.931375,-0.0546863624314,-0.0526813078312
7.9313875,-0.0550312285503,-0.0523460649264
7.9314,-0.0552219459595,-0.0520731507036
7.9314125,-0.0555733863773,-0.0516423419842
7.931425,-0.055874637372,-0.0514756504362
7.9314375,-0.0562475263628,-0.0509811233158
7.93145,-0.0564408774445,-0.0508028368788
7.9314625,-0.0568303187219,-0.0502403214474
7.931475,-0.057030621091,-0.0500257520504
7.9314875,-0.0574750911451,-0.0496064386492
7.9315,-0.0576953838858,-0.0493367916922
7.9315125,-0.0577973716901,-0.0490909731208
7.931525,-0.0582681685462,-0.0486204460598
7.9315375,-0.0584998658438,-0.0483086424197
7.93155,-0.0586959775181,-0.0478961071206
7.9315625,-0.0589947379489,-0.047680802389
7.931575,-0.0592393870243,-0.04727949709
7.9315875,-0.0595589517587,-0.0470126568302
7.9316,-0.0598476456622,-0.0465388022368
7.9316125,-0.0600974173821,-0.0462078218133
7.931625,-0.0602566180041,-0.0459227177749
7.9316375,-0.0607519225468,-0.0454759886207
7.93165,-0.0609206243391,-0.045301061458
7.9316625,-0.0611010540105,-0.0448064576606
7.931675,-0.0613628018499,-0.0445281708778
7.9316875,-0.0615476173996,-0.0441195265658
7.9317,-0.0619465889222,-0.0438512195314
7.9317125,-0.0620221825974,-0.0434917793018
7.931725,-0.0623638141038,-0.0431200473949
7.9317375,-0.0624739657965,-0.0427084088375
7.93175,-0.0628235074578,-0.0421923638361
7.9317625,-0.0630691554742,-0.0419957264908
7.931775,-0.063343276948,-0.041618140079
7.9317875,-0.063629305126,-0.0411816370227
7.9318,-0.0637531005319,-0.0408942866735
7.9318125,-0.0638733238994,-0.0404372970884
7.931825,-0.0641808544709,-0.0400295732964
7.9318375,-0.0643900040667,-0.0396188168657
7.93185,-0.0645306846761,-0.0392859856584
7.9318625,-0.0648575604797,-0.0389666532959
7.931875,-0.0650741339252,-0.0384561388149
7.9318875,-0.065364359853,-0.03822786109
7.9319,-0.0655669018845,-0.0378413557925
7.9319125,-0.0657165748315,-0.0373476023723
7.931925,-0.0659576041814,-0.0369405926471
7.9319375,-0.0662054478101,-0.0366977511425
7.93195,-0.0663069915967,-0.0361827989193
7.9319625,-0.0666362574647,-0.0358867133051
7.931975,-0.0668230434919,-0.0355063560213
7.9319875,-0.0668663957636,-0.035051131849
7.932,-0.0672209788985,-0.0346673979545
7.9320125,-0.0672781822086,-0.034311039017
7.932025,-0.0675134818936,-0.033939910202
7.9320375,-0.0677782812352,-0.0334376145627
7.93205,-0.0677550100071,-0.0332052684728
7.9320625,-0.068140363579,-0.0327124617344
7.932075,-0.0682136328309,-0.0322454600312
7.9320875,-0.0683159179197,-0.0318960889808
7.9321,-0.0686186155039,-0.0315081267025
7.9321125,-0.0687888213847,-0.0311523476018
7.932125,-0.0688833065895,-0.0306794682579
7.9321375,-0.0690536474054,-0.0302507118041
7.93215,-0.0693455576933,-0.0298127508313
7.9321625,-0.0693222771329,-0.0294481553129
7.932175,-0.0696648077584,-0.0291951228748
7.9321875,-0.0696834244414,-0.0287965983429
7.9322,-0.0699101304187,-0.0283160501692
7.9322125,-0.0700653605877,-0.0279495314455
7.932225,-0.0702626004717,-0.0275087707185
7.9322375,-0.0703742370114,-0.0271100487772
7.93225,-0.0704905165995,-0.0267345566718
7.9322625,-0.0707554434941,-0.0263754674243
7.932275,-0.0709020873182,-0.0258384798105
7.9322875,-0.0709176330713,-0.0253788973078
7.9323,-0.0711851053916,-0.0250679295288
7.9323125,-0.0712761100656,-0.0245843118207
7.932325,-0.0713850373715,-0.0241362567729
7.9323375,-0.071536638519,-0.0237103213537
7.93235,-0.0717518770371,-0.0234167024935
7.9323625,-0.0716939283693,-0.0229380323555
7.932375,-0.071954928692,-0.0227076907762
7.9323875,-0.0719972166507,-0.0221569428598
7.9324,-0.0721424151136,-0.0217739754862
7.9324125,-0.0723754056232,-0.0214852706855
7.932425,-0.0724500384387,-0.021044008768
7.9324375,-0.0725086186772,-0.0204789872354
7.93245,-0.0725688493093,-0.0200852050794
7.9324625,-0.0727557460458,-0.0196415966483
7.932475,-0.0727842248495,-0.0192989020258
7.9324875,-0.0728133062339,-0.0186748600518
7.9325,-0.0729612228226,-0.0184154968931
7.9325125,-0.0732564313234,-0.0180304301936
7.932525,-0.0730854075517,-0.0176351845588
7.9325375,-0.0733453909222,-0.0170802660614
7.93255,-0.073381140731,-0.0166891312059
7.9325625,-0.0734501805811,-0.0163187286617
7.932575,-0.0736301007799,-0.0158463559159
7.9325875,-0.0735792585817,-0.0154072597304
7.9326,-0.073777794639,-0.0151712851651
7.9326125,-0.0738314771434,-0.0146184380146
7.932625,-0.0738264993836,-0.0142219054188
7.9326375,-0.0740474269517,-0.0138292563068
7.93265,-0.0739224214347,-0.0132495558588
7.9326625,-0.074103793741,-0.0129844513635
7.932675,-0.0741176695708,-0.0124538725331
7.9326875,-0.074212005124,-0.0119289489112
7.9327,-0.0742927560915,-0.0117009322215
7.9327125,-0.0743481296238,-0.0113000107313
7.932725,-0.0744776642939,-0.0107693163057
7.9327375,-0.0744188435841,-0.0103106391203
7.93275,-0.0745141159123,-0.00989835304181
7.9327625,-0.0744998561604,-0.00944088792223
7.932775,-0.0745874044113,-0.00915567344857
7.9327875,-0.0746628040257,-0.00854856766262
7.9328,-0.0748125569432,-0.00821463296417
7.9328125,-0.0747618029968,-0.00764851186072
7.932825,-0.0746607882544,-0.00734667216006
7.9328375,-0.0748567090255,-0.00679914860873
7.93285,-0.0748350429663,-0.00651216472484
7.9328625,-0.0748801430772,-0.00600018070259
7.932875,-0.0749352550567,-0.00568633056059
7.9328875,-0.0749264052447,-0.00527971278073
7.9329,-0.0749879157654,-0.00475142144988
7.9329125,-0.0749846692099,-0.00440208868542
7.932925,-0.0750101990163,-0.00389785895032
7.9329375,-0.0749457735524,-0.00356499568362
7.93295,-0.0750286701819,-0.00307988628174
7.9329625,-0.0750913075796,-0.00257896799955
7.932975,-0.0750435087275,-0.00223499540211
7.9329875,-0.0750853248657,-0.00184903626418
7.933,-0.0752077375051,-0.00134659363412
7.9330125,-0.0750143629584,-0.000840136127452
7.933025,-0.0750267151183,-0.000576914068194
7.9330375,-0.075046280732,-4.1149855834e-05
7.93305,-0.0750467109978,0.000297673291284
7.9330625,-0.0751187476024,0.000762008018431
7.933075,-0.0751471534335,0.00135769846481
7.9330875,-0.075093476716,0.00167754585625
7.9331,-0.075006306264,0.00205412518505
7.9331125,-0.07498233025,0.00254244411946
7.933125,-0.0748788191843,0.00298766969894
7.9331375,-0.0749101181815,0.00349175693232
7.93315,-0.0748833830329,0.00366622521315
7.9331625,-0.0749594822597,0.00418609242891
7.933175,-0.0749146357809,0.00461996351493
7.9331875,-0.0750117796982,0.00519731099551
7.9332,-0.0748314947382,0.00546133606559
7.9332125,-0.0747642438266,0.00585773921037
7.933225,-0.0747211269307,0.0062473295504
7.9332375,-0.0746518307496,0.00679859258921
7.93325,-0.0745615430875,0.00717724015218
7.9332625,-0.0745508746095,0.00755178397584
7.933275,-0.0745494915793,0.00806208165778
7.9332875,-0.0744826887173,0.00848498931496
7.9333,-0.074407519903,0.0089807215729
7.9333125,-0.0743527845411,0.00925128251767
7.933325,-0.0742478641544,0.00976456717079
7.9333375,-0.074409294174,0.0101793984558
7.93335,-0.0740647295487,0.0105895105779
7.9333625,-0.0740561289972,0.0110138426079
7.933375,-0.0740820048283,0.0113832359082
7.9333875,-0.0739200090068,0.0119392794945
7.9334,-0.074010607937,0.0123424842836
7.9334125,-0.0739039572876,0.0126313361858
7.933425,-0.0737489634852,0.0131622305934
7.9334375,-0.0736403721011,0.0135500807603
7.93345,-0.0736711604592,0.0139229169542
7.9334625,-0.0734790514553,0.014402458702
7.933475,-0.0733792814851,0.0147829346206
7.9334875,-0.0733443927744,0.0153200205832
7.9335,-0.0730762986315,0.0155694273158
7.9335125,-0.073144384713,0.0161773763796
7.933525,-0.0730990659221,0.016638389943
7.9335375,-0.0730940559634,0.0170799958038
7.93355,-0.0728794609576,0.0172902059595
7.9335625,-0.0726700959176,0.0177497706285
7.933575,-0.0725245766252,0.0182046827683
7.9335875,-0.0725108208936,0.0185613460627
7.9336,-0.0724551559881,0.0189199173009
7.9336125,-0.0723477853358,0.0192709032871
7.933625,-0.0722101261802,0.0198282656674
7.9336375,-0.0721114435064,0.0201747885784
7.93365,-0.0719057493622,0.0206504737947
7.9336625,-0.0718502821905,0.020993196252
7.933675,-0.0718090430209,0.0214658359569
7.9336875,-0.0715842755074,0.0218849384133
7.9337,-0.071694856385,0.0222645743507
7.9337125,-0.0713043932346,0.0225289814289
7.933725,-0.0711235860972,0.0229762035811
7.9337375,-0.0710631722331,0.0233880121437
7.93375,-0.0708739943785,0.0238099224194
7.9337625,-0.070639375184,0.0242258166443
7.933775,-0.0706273220674,0.0246687023568
7.9337875,-0.0704541577209,0.0249685211514
7.9338,-0.0703680743163,0.0254197767436
7.9338125,-0.0701347891829,0.0259488299337
7.933825,-0.0700360535893,0.0262155826108
7.9338375,-0.0698555419717,0.0265308782636
7.93385,-0.069732063682,0.027205475185
7.9338625,-0.0695184520189,0.0275468172129
7.933875,-0.0694218344238,0.0278523535181
7.9338875,-0.0692926336674,0.0282234952321
7.9339,-0.0690943548303,0.0286234943121
7.9339125,-0.0689337364617,0.0289984361504
7.933925,-0.0687495040993,0.0293846204491
7.9339375,-0.0686003818551,0.0298051534303
7.93395,-0.0682215929279,0.0301283507255
7.9339625,-0.0682562062474,0.0304814673553
7.933975,-0.0680115743462,0.0309554641767
7.9339875,-0.0678470946244,0.0313791815784
7.934,-0.0676707093902,0.0316867051393
7.9340125,-0.0673998555489,0.0319464073033
7.934025,-0.0672126660427,0.0325193751561
7.9340375,-0.0671863956566,0.0328914648854
7.93405,-0.06690223106,0.0332304141972
7.9340625,-0.0667209717186,0.0336338806687
7.934075,-0.0665307087815,0.033992770577
7.9340875,-0.0664080717866,0.0343720133383
7.9341,-0.066184749272,0.0346968982244
7.9341125,-0.06609250391,0.0352226566707
7.934125,-0.0657945383822,0.0354784262546
7.9341375,-0.0655147252016,0.0359615951511
7.93415,-0.0653806907126,0.0362620716484
7.9341625,-0.0650235561411,0.0365250034899
7.934175,-0.0649399751258,0.0368575307749
7.9341875,-0.064630366492,0.0373587725583
7.9342,-0.0644578416001,0.0377087329571
7.9342125,-0.0642446929373,0.0380442535446
7.934225,-0.0639472733987,0.0384818654082
7.9342375,-0.0638158068412,0.0388782323698
7.93425,-0.0635970864422,0.0391796044611
7.9342625,-0.0634936937978,0.0395133042504
7.934275,-0.0630468445432,0.0398997213544
7.9342875,-0.0628609570884,0.0401892775353
7.9343,-0.0625287729826,0.0405711417802
7.9343125,-0.0623821950796,0.040904406196
7.934325,-0.0620922996343,0.0412805289629
7.9343375,-0.0620171403899,0.0415307871915
7.93435,-0.0617423493247,0.0418956298277
7.9343625,-0.0615359215183,0.0423470099152
7.934375,-0.0612277113232,0.0427167411355
7.9343875,-0.061049212922,0.0429504041555
7.9344,-0.0607305532605,0.0432673024205
7.9344125,-0.0605888490639,0.0438028649196
7.934425,-0.0602086190726,0.0440330894754
7.9344375,-0.0599034262285,0.04442101717
7.93445,-0.0596242260266,0.0448982720465
7.9344625,-0.0593275072539,0.0450254617469
7.934475,-0.0591882063913,0.0454454234281
7.9344875,-0.0589449949057,0.0458303254477
7.9345,-0.0587878616425,0.0460495092029
7.9345125,-0.0585091220114,0.0463866426421
7.934525,-0.0580639277751,0.046712860959
7.9345375,-0.0578933577045,0.0471511748354
7.93455,-0.0577250214025,0.0473726840149
7.9345625,-0.0573547759638,0.0475926111897
7.934575,-0.056959463073,0.0479536414363
7.9345875,-0.0567265322126,0.0483626768431
7.9346,-0.0564868046453,0.0487024112154
7.9346125,-0.056316318297,0.0489076968145
7.934625,-0.0559696480062,0.0492419021035
7.9346375,-0.0556099985099,0.0496486929567
7.93465,-0.05529898997,0.049921327582
7.9346625,-0.0550473231571,0.0501524704789
7.934675,-0.0547972329111,0.0505085188312
7.9346875,-0.0545147701743,0.0509477930495
7.9347,-0.0544482498252,0.0511827416854
7.9347125,-0.0539791623629,0.0515921303157
7.934725,-0.0535788407073,0.0518582631948
7.9347375,-0.0532970660615,0.0521761098768
7.93475,-0.0530118466427,0.052360817795
7.9347625,-0.0527529020658,0.0526886421843
7.934775,-0.0523994428322,0.0530053723527
7.9347875,-0.0521149161102,0.0533557074144
7.9348,-0.0518289806134,0.0537001319343
7.9348125,-0.0515396292974,0.0538995664454
7.934825,-0.0513608044382,0.0541753851646
7.9348375,-0.0508195822082,0.0545644417872
7.93485,-0.0506901161347,0.0547764911317
7.9348625,-0.0502688988031,0.0550553169578
7.934875,-0.0500465978624,0.0554171237018
7.9348875,-0.0497384503455,0.0555835183164
7.9349,-0.0493794758438,0.0558691241049
7.9349125,-0.0489427336638,0.0561332143219
7.934925,-0.0486676898539,0.0564415624809
7.9349375,-0.0485312879285,0.0565853607601
7.93495,-0.0479178643783,0.0569133042627
7.9349625,-0.0477398366387,0.057211655265
7.934975,-0.0473897730533,0.0574463490843
7.9349875,-0.0470433645138,0.0576730845429
7.935,-0.0467262775335,0.0580777331199
7.9350125,-0.0465042314982,0.0582677284694
7.935025,-0.0460410288665,0.0585775021056
7.9350375,-0.0457150024133,0.0588318862375
7.93505,-0.0453806025053,0.0589580053999
7.9350625,-0.0450861884158,0.0593385891353
7.935075,-0.0447625357622,0.0595948241012
7.9350875,-0.0443692455629,0.059801012422
7.9351,-0.0441221303177,0.0599994391345
7.9351125,-0.0436324983892,0.0602925527946
7.935125,-0.0432834998746,0.0604400471032
7.9351375,-0.0430129524976,0.0607806258909
7.93515,-0.0426711495584,0.0609927146775
7.9351625,-0.0422553480481,0.0611692535724
7.935175,-0.0418417079678,0.0614248508465
7.9351875,-0.0415403887365,0.0617275399742
7.9352,-0.0412779165127,0.0619951132555
7.9352125,-0.0408272203391,0.0622281139081
7.935225,-0.0404333712266,0.0623655403673
7.9352375,-0.0402404546368,0.062592641311
7.93525,-0.039788183254,0.0628519177672
7.9352625,-0.0394874443433,0.0631761052897
7.935275,-0.0391159802718,0.0633656326878
7.9352875,-0.0386509116602,0.0634669800599
7.9353,-0.0383391192189,0.0638769539214
7.9353125,-0.0379559319241,0.0639026506856
7.935325,-0.0376569427858,0.0642562778739
7.9353375,-0.0373439135397,0.0644201663254
7.93535,-0.0370727412517,0.0646032122204
7.9353625,-0.0365213132651,0.0647811937407
7.935375,-0.0362465343839,0.0649828643199
7.9353875,-0.0358178578091,0.0651881652155
7.9354,-0.0354386228773,0.0654939565449
7.9354125,-0.0351201183761,0.0656076966312
7.935425,-0.0346929985728,0.0658928052023
7.9354375,-0.0342847162209,0.0660432660536
7.93545,-0.0339621613705,0.0661271369404
7.9354625,-0.0335719818031,0.0664718430478
7.935475,-0.0331167704755,0.0665567567995
7.9354875,-0.0327844321907,0.0667872813947
7.9355,-0.0324382494338,0.0668505792249
7.9355125,-0.0320564611284,0.0671819537713
7.935525,-0.0317235559295,0.0672549788341
7.9355375,-0.0313196191392,0.0675532184583
7.93555,-0.0308814627058,0.0676408172092
7.9355625,-0.0305686799624,0.0678721754104
7.935575,-0.0300726332815,0.0680738289076
7.9355875,-0.0297747694984,0.0681704030688
7.9356,-0.0293189145185,0.0683561802756
7.9356125,-0.0290027723049,0.0685471126523
7.935625,-0.0286921136102,0.0685715177064
7.9356375,-0.0282022122386,0.0686694856152
7.93565,-0.0277637434296,0.0689833039112
7.9356625,-0.0274150168475,0.0690377096212
7.935675,-0.0270620793509,0.0693529960574
7.9356875,-0.0265928121307,0.0693146876306
7.9357,-0.0262359257187,0.0695002132897
7.9357125,-0.025844244376,0.0697696826727
7.935725,-0.0254785415809,0.0698399666923
7.9357375,-0.0250017016826,0.0699705563975
7.93575,-0.0245662729966,0.0701333865576
7.9357625,-0.0241797361086,0.0702841017194
7.935775,-0.0239019531857,0.0703877263999
7.9357875,-0.0234735342223,0.0704398605919
7.9358,-0.0231948567503,0.0706320660672
7.9358125,-0.0226825318589,0.0707608002444
7.935825,-0.0223248733745,0.0708295742186
7.9358375,-0.0219147402857,0.0709442537045
7.93585,-0.0214766968449,0.0712162826401
7.9358625,-0.0212170863722,0.0712349511311
7.935875,-0.0205135619517,0.0713326555905
7.9358875,-0.0202241861923,0.0715326142499
7.9359,-0.0198728402457,0.071571498537
7.9359125,-0.0193228805792,0.071721926633
7.935925,-0.0190139925153,0.0718718653307
7.9359375,-0.0186762869033,0.0720229290371
7.93595,-0.0181847462482,0.0720480241063
7.9359625,-0.0178102875468,0.0721010992852
7.935975,-0.0174403815071,0.0723260855398
7.9359875,-0.016929763681,0.0722997978002
7.936,-0.0165523136491,0.0723524322558
7.9360125,-0.0161624345354,0.0724403451962
7.936025,-0.0156732765529,0.0725607834706
7.9360375,-0.0153707682004,0.0727803965511
7.93605,-0.0149999675354,0.0728347735101
7.9360625,-0.0144417412655,0.0728899284304
7.936075,-0.0141192471082,0.0729342569112
7.9360875,-0.0136083316187,0.0729319623598
7.9361,-0.0133278687663,0.0729853245922
7.9361125,-0.0127486177992,0.0731719033779
7.936125,-0.0124563763375,0.0731107988976
7.9361375,-0.0119861229751,0.0732893835344
7.93615,-0.0116591235927,0.0734486667892
7.9361625,-0.0112033203571,0.0734164104285
7.936175,-0.0107457415746,0.0735537930613
7.9361875,-0.0104483143869,0.0735470561256
7.9362,-0.00981584924628,0.0736118826163
7.9362125,-0.00955367334463,0.073597585995
7.936225,-0.00911223955007,0.0735623938727
7.9362375,-0.00873808266738,0.0738118646198
7.93625,-0.00821915356529,0.073875666401
7.9362625,-0.00789546982309,0.0737527873022
7.936275,-0.00748197449835,0.073849930027
7.9362875,-0.00708696746992,0.0738296027724
7.9363,-0.00657221064417,0.0738710251436
7.9363125,-0.0060827905846,0.0740225673433
7.936325,-0.00579300509569,0.0739851360224
7.9363375,-0.00533861897254,0.0740735647359
7.93635,-0.00492603164737,0.0739604984964
7.9363625,-0.0045407715495,0.073960588941
7.936375,-0.00407291252442,0.0741481175564
7.9363875,-0.00361078056521,0.0742649363602
7.9364,-0.0032275095179,0.0741395555542
7.9364125,-0.00278737402831,0.0740639892143
7.936425,-0.00241377337716,0.0740411778833
7.9364375,-0.00197327146613,0.0740056080712
7.93645,-0.00166341307466,0.0741202892438
7.9364625,-0.00120767359962,0.0741587666749
7.936475,-0.000803892078669,0.0742662869831
7.9364875,-0.00046896179789,0.0741589023628
7.9365,9.29270763021e-05,0.0742171821971
7.9365125,0.000527189387023,0.0741209589637
7.936525,0.00100379270048,0.0740824952425
7.9365375,0.00137570259326,0.0741636996259
7.93655,0.00181932402165,0.0740518867727
7.9365625,0.00211621949105,0.0741118615733
7.936575,0.002558620509,0.0741021529031
7.9365875,0.00311620650026,0.0741260982852
7.9366,0.0034763947291,0.0741201672575
7.9366125,0.0039255882716,0.0742012712263
7.936625,0.00432350304613,0.0740756440323
7.9366375,0.00467243065066,0.0739830133046
7.93665,0.00513538890986,0.074016722093
7.9366625,0.00547052828029,0.0738584331554
7.936675,0.00581051731173,0.07387878983
7.9366875,0.00633802914804,0.0738111039093
7.9367,0.00677614584989,0.0738417935708
7.9367125,0.00717100477823,0.0738128444433
7.936725,0.00761865661381,0.0737772691435
7.9367375,0.00803136467835,0.0736165624855
7.93675,0.00842775892972,0.0738045251512
7.9367625,0.00879305346529,0.0735646481647
7.936775,0.00925849905913,0.0736261402851
7.9367875,0.00972625310928,0.0735843091586
7.9368,0.010103891392,0.0734438557405
7.9368125,0.0105920004012,0.0734449026544
7.936825,0.0110217546637,0.0733223192363
7.9368375,0.0112929393552,0.0733536865957
7.93685,0.0117958601463,0.0731975646806
7.9368625,0.0120940510602,0.0730526443885
7.936875,0.0126252940259,0.0729833409904
7.9368875,0.013040928322,0.0729720839187
7.9369,0.0134368117142,0.0729354346184
7.9369125,0.0137324294487,0.0728475420075
7.936925,0.0141787424165,0.0727345746797
7.9369375,0.0145590559458,0.0725186710731
7.93695,0.015086271311,0.0726020026924
7.9369625,0.0154695372014,0.072666482204
7.936975,0.0159365238233,0.0723127329999
7.9369875,0.0163502780744,0.0723564242832
7.937,0.0166514487096,0.0722320098215
7.9370125,0.0169957259138,0.0720677426964
7.937025,0.0174002091779,0.0719547354962
7.9370375,0.0178867298015,0.0718441869432
7.93705,0.0182757127177,0.07177727967
7.9370625,0.0187261039874,0.0717105265403
7.937075,0.0191933696357,0.0715514749798
7.9370875,0.0196171991396,0.0714785781852
7.9371,0.0198722223146,0.0713225235385
7.9371125,0.0203884692514,0.0711151340113
7.937125,0.020641242567,0.0711002254032
7.9371375,0.020982549915,0.0710153194422
7.93715,0.0215098575682,0.0709279453271
7.9371625,0.0218682777195,0.0707231060783
7.937175,0.0222731149957,0.0706936890007
7.9371875,0.0227887488349,0.0705613368661
7.9372,0.0230966865683,0.0703978833734
7.9372125,0.0234968070756,0.0701679490994
7.937225,0.0240526608694,0.0700118983625
7.9372375,0.0242351633936,0.0700415909928
7.93725,0.0248148428618,0.0698523198306
7.9372625,0.0250606211461,0.0697747176198
7.937275,0.0255464911033,0.0697015164837
7.9372875,0.0258784287899,0.0693158539995
7.9373,0.0262044706764,0.0692594346713
7.9373125,0.0266690055321,0.0691759884602
7.937325,0.0270799787092,0.0689610650863
7.9373375,0.0274230910752,0.0686836243094
7.93735,0.0278849608324,0.0686841857103
7.9373625,0.028309921006,0.0685185136975
7.937375,0.0286408098187,0.0682606229044
7.9373875,0.0289332219094,0.0681070918556
7.9374,0.0294343872826,0.0680230825751
7.9374125,0.0297214484073,0.0677461809504
7.937425,0.0302746381689,0.0676114281332
7.9374375,0.0305012005719,0.0673548835924
7.93745,0.0309186387967,0.0673943282407
7.9374625,0.0312793542395,0.0670850657475
7.937475,0.0317600970358,0.0670048634515
7.9374875,0.0320109599249,0.0669078769439
7.9375,0.0323494244781,0.0664964246415
7.9375125,0.0328125908076,0.0663315299546
7.937525,0.0332127127379,0.0662215859847
7.9375375,0.03355551462,0.0659592663321
7.93755,0.0338753077745,0.0658133036282
7.9375625,0.034204618073,0.0655905854112
7.937575,0.0345931261198,0.0654144544917
7.9375875,0.0350451128788,0.0652525256116
7.9376,0.0354140444158,0.0650770701191
7.9376125,0.0358254842398,0.0647712607569
7.937625,0.0360979016335,0.0646729867872
7.9376375,0.036506290629,0.0643746910242
7.93765,0.0368141535651,0.064241533107
7.9376625,0.03718134945,0.0638426536327
7.937675,0.0376296369412,0.063856213579
7.9376875,0.037946803069,0.0636269846131
7.9377,0.0383018299367,0.0632679361089
7.9377125,0.038509652824,0.0631030466214
7.937725,0.0388671548536,0.0630017200547
7.9377375,0.039274160186,0.0626466275929
7.93775,0.0397054001267,0.0625404691199
7.9377625,0.040083526814,0.0621522757479
7.937775,0.0403869580124,0.0621402896828
7.9377875,0.0408355652248,0.061887479996
7.9378,0.0411274277396,0.061604581784
7.9378125,0.0415032263222,0.0613782050292
7.937825,0.0418466073219,0.0610772443404
7.9378375,0.042112323247,0.0607365545773
7.93785,0.0424505574407,0.0608010560139
7.9378625,0.0428127344809,0.0603672526799
7.937875,0.043160742305,0.0601191958855
7.9378875,0.0434820312526,0.0600063598827
7.9379,0.0437978692975,0.0595931154661
7.9379125,0.044185311292,0.0594229862112
7.937925,0.0444886573352,0.0591637549353
7.9379375,0.0448683000842,0.0588537884399
7.93795,0.0452456036583,0.0586006332053
7.9379625,0.0454994027171,0.058297948411
7.937975,0.045906642059,0.0582210911376
7.9379875,0.0461535315209,0.0578492398772
7.938,0.0465615810596,0.0575657068216
7.9380125,0.0469540508781,0.0573289926159
7.938025,0.0472280379264,0.0571285362451
7.9380375,0.0474136202443,0.0567857435268
7.93805,0.04777530279,0.0565677242094
7.9380625,0.0480954203899,0.0563435775696
7.938075,0.0484528936868,0.0560380426738
7.9380875,0.0487540200371,0.0556551510171
7.9381,0.0489850610655,0.0553422996389
7.9381125,0.0492935472899,0.0551750827657
7.938125,0.0496400887769,0.0548860159462
7.9381375,0.0500310530946,0.0545850740979
7.93815,0.0502999201748,0.0543366694198
7.9381625,0.0506044082678,0.0540638079678
7.938175,0.0507684802715,0.0537041740439
7.9381875,0.0510617637238,0.0534952838602
7.9382,0.0513900801558,0.0531378179382
7.9382125,0.0517853660245,0.0528974602636
7.938225,0.0520546309487,0.0525765403197
7.9382375,0.0523480505634,0.052313873438
7.93825,0.0525637422699,0.0520661725325
7.9382625,0.0529017680505,0.0517204236846
7.938275,0.0531588107452,0.0515057349821
7.9382875,0.0534231731113,0.0511053886177
7.9383,0.0537022723228,0.0508523503702
